{
    "rmse": 0.7846718456309615,
    "mae": 0.6458202532562697,
    "r2_score": 0.004661936325901506
}