{
    "rmse": 0.7847644303980081,
    "mae": 0.645624642808979,
    "r2_score": 0.004427039203176442
}